species,gene,category,type,in_sup,claim_supported,abstract,fulltext,final,ft_evidence,ab_reason,pmid
A. oryzae,aflC,Aflatoxin-cluster-relic,B,True,partial,partial,,partial,,Abstract characterizes inactive A. oryzae RIB40 aflatoxin cluster but never mentions pksA/aflC individually; cluster-level relic evidence only.,16391082.0
A. oryzae,aflD,Aflatoxin-cluster-relic,B,True,yes,supported,,supported,,"Paper analyzes the inactive/silent aflatoxin cluster in A. oryzae RIB40 and detects nor-1 (aflD), matching the 'cluster-relic' category.",16391082.0
A. oryzae,aflM,Aflatoxin-cluster-relic,B,True,partial,partial,,partial,,Abstract analyzes inactive aflatoxin cluster in A. oryzae (verA mutated) at cluster level; aflM/ver-1 not individually assayed.,16391082.0
A. oryzae,aflO,Aflatoxin-cluster-relic,B,True,partial,partial,,partial,,"Abstract analyzes inactive aflatoxin cluster in A. oryzae RIB40 via PCR; aflO/omtB not individually assayed, cluster-level only.",16391082.0
A. oryzae,aflP,Aflatoxin-cluster-relic,B,True,yes,supported,,supported,,"Abstract shows omtA (=aflP) not expressed/detected in A. oryzae RIB40 inactive aflatoxin cluster, confirming silenced relic.",16391082.0
A. oryzae,aflQ,Aflatoxin-cluster-relic,B,True,partial,partial,,partial,,Analyzes inactive A. oryzae RIB40 aflatoxin cluster but PCR-detects only aflT/nor-1/aflR etc.; aflQ/ordA never individually assayed.,16391082.0
A. oryzae,aflR,Aflatoxin-cluster-relic,B,True,yes,supported,,supported,,"Abstract shows A. oryzae RIB40 inactive aflatoxin cluster with aflR promoter mutations and only slight non-productive aflR expression, matching cluster-relic role.",16391082.0
A. oryzae,aflS,Aflatoxin-cluster-relic,B,True,partial,partial,,partial,,Abstract confirms inactive aflatoxin cluster in A. oryzae RIB40 but detects genes via PCR; aflS/aflJ not individually named or assayed.,16391082.0
A. oryzae,aflT,Aflatoxin-cluster-relic,B,True,yes,supported,,supported,,"Abstract explicitly reports a 257-bp deletion in the aflT region of RIB40, directly demonstrating aflT as an inactivated cluster relic.",16391082.0
A. oryzae,creA,Carbon catabolite,B,True,yes,supported,,supported,,"creA deletion in A. oryzae derepresses alpha-amylase, directly demonstrating its carbon catabolite repression role.",24213479.0
A. oryzae,creB,Carbon catabolite,B,True,yes,supported,,supported,,"creB deletion in A. oryzae increases secreted hydrolases; functional CreB deubiquitinase, a carbon catabolite repression component.",23835170.0
A. oryzae,creC,Carbon catabolite,B,True,partial,partial,,partial,,"CreC WD40 CCR role shown in A. nidulans, not A. oryzae; species mismatch.",11918805.0
A. oryzae,creD,Carbon catabolite,A,True,yes,partial,,partial,,"Abstract characterizes creD carbon-catabolite role but in Aspergillus nidulans, not the claimed A. oryzae; species mismatch.",15255903.0
Aspergillus flavus,cyp51A,Azole/ergosterol,A,True,yes,supported,,supported,,Molecularly characterizes A. flavus cyp51A as P450 14alpha-sterol demethylase and voriconazole target with resistance mutations.,18775650.0
Aspergillus flavus,cpaA,Cyclopiazonic-acid,A,True,partial,supported,,supported,,"Disruption of the hybrid PKS-NRPS gene (cpaA) in A. flavus abolished cyclopiazonic acid production, demonstrating its CPA-biosynthesis role.",19038354.0
Aspergillus flavus,kojA,Kojic-acid,A,True,yes,partial,,partial,,"Oxidoreductase gene for kojic acid demonstrated in Aspergillus oryzae, not A. flavus as claimed; species mismatch.",20849972.0
Aspergillus flavus,kojR,Kojic-acid,A,True,yes,partial,,partial,,"Paper studies A. oryzae (not flavus) and identifies an oxidoreductase and transporter, not the TF kojR; species and gene mismatch.",20849972.0
Aspergillus flavus,kojT,Kojic-acid,A,True,yes,partial,,partial,,"Kojic-acid transporter gene demonstrated in A. oryzae, not A. flavus as claimed; abstract cites 'transporter motif' without naming kojT.",20849972.0
Aspergillus flavus,laeA,SM regulator,A,True,yes,supported,,supported,,"DeltalaeA in A. flavus decreases secondary metabolism, aflatoxin and sclerotial production; direct gene-deletion demonstration of SM regulation.",18667168.0
Aspergillus flavus,sclR,Sclerotia,A,True,yes,partial,,partial,,"SclR promotes sclerotial formation but demonstrated in A. oryzae, not the claimed A. flavus; species mismatch.",21551246.0
Aspergillus flavus,veA,Velvet/development,A,True,yes,supported,,supported,,A. flavus DeltaveA blocked in sclerotia and mycotoxin production; gene-level deletion demonstrates velvet/developmental role in the claimed species.,16988822.0
Aspergillus flavus,velB,Velvet/development,A,True,partial,supported,,supported,,DeltavelB in A. flavus severely impairs conidiation; VelB shown part of velvet complex governing development and aflatoxin.,23994319.0
flavus,aflA,Aflatoxin,A,True,yes,partial,,partial,,"Only title present ('Clustered pathway genes in aflatoxin biosynthesis'); no abstract body demonstrating aflA's specific FAS role, merely cluster nomenclature.",15006741.0
flavus,aflB,Aflatoxin,A,True,yes,no_abstract,,no_abstract,,Only citation metadata (title/authors/DOI) present; no abstract body text to verify aflB=fas-1 assignment.,15006741.0
flavus,aflC,Aflatoxin,A,True,yes,partial,,partial,,Only title/citation provided ('Clustered pathway genes'); nomenclature paper gives cluster membership but no gene-level function demonstration for aflC.,15006741.0
flavus,aflD,Aflatoxin,A,True,yes,partial,,partial,,Only title of aflatoxin-cluster nomenclature paper provided; no abstract body demonstrating aflD/nor-1 function individually.,15006741.0
flavus,aflE,Aflatoxin,A,True,yes,partial,,partial,,"Only title/citation present ('Clustered pathway genes in aflatoxin biosynthesis'); nomenclature paper placing gene in aflatoxin cluster, no gene-level functional data.",15006741.0
flavus,aflF,Aflatoxin,A,True,yes,no_abstract,,no_abstract,,Only bibliographic header present (title/authors/DOI); no abstract body to evaluate aflF's assigned role.,15006741.0
flavus,aflG,Aflatoxin,A,True,yes,partial,,partial,,Yu 2004 is a cluster-nomenclature paper (title only); places aflG in aflatoxin pathway but demonstrates no individual gene function.,15006741.0
flavus,aflH,Aflatoxin,A,True,yes,partial,,partial,,"Only a cluster-nomenclature title present, no abstract body; aflH not individually functionally demonstrated as adhA dehydrogenase.",15006741.0
flavus,aflI,Aflatoxin,A,True,yes,partial,,partial,,"Only title present; no abstract body demonstrates aflI/avfA function individually, only cluster-level aflatoxin nomenclature.",15006741.0
flavus,aflJ,Aflatoxin,A,True,yes,no_abstract,,no_abstract,,Only citation metadata present; no abstract body text to verify aflJ=estA assignment.,15006741.0
flavus,aflK,Aflatoxin,A,True,yes,partial,,partial,,Only title/citation provided; nomenclature paper confers cluster naming but no individual demonstration of aflK/vbs function.,15006741.0
flavus,aflL,Aflatoxin,A,True,yes,partial,,partial,,Only title of aflatoxin-cluster nomenclature paper provided; no abstract body demonstrating aflL/verB function individually.,15006741.0
flavus,aflM,Aflatoxin,A,True,yes,partial,,partial,,"Only title/citation present; aflatoxin cluster nomenclature paper, no abstract body or gene-level demonstration for aflM.",15006741.0
flavus,aflN,Aflatoxin,A,True,yes,no_abstract,,no_abstract,,Only bibliographic header present; no abstract body to evaluate aflN's assigned role.,15006741.0
flavus,aflO,Aflatoxin,A,True,yes,partial,,partial,,Cluster-nomenclature paper (title only); assigns aflO to aflatoxin cluster but provides no gene-level functional demonstration.,15006741.0
flavus,aflP,Aflatoxin,A,True,yes,partial,,partial,,"Only a cluster-nomenclature title present, no abstract body; aflP/omtA methyltransferase not individually functionally demonstrated.",15006741.0
flavus,aflQ,Aflatoxin,A,True,yes,partial,,partial,,"Only title present; no abstract body demonstrates aflQ/ordA function individually, only cluster-level aflatoxin nomenclature.",15006741.0
flavus,aflR,Aflatoxin,A,True,yes,supported,,supported,,"Abstract characterizes aflR as regulatory locus controlling aflatoxin biosynthesis in A. flavus, zinc-cluster TF.",8074521.0
flavus,aflS,Aflatoxin,A,True,yes,supported,,supported,,"Abstract shows disruption of aflJ (=aflS), the aflR-adjacent divergently-transcribed gene, abolishes aflatoxin production in A. flavus.",9758789.0
flavus,aflU,Aflatoxin,A,True,yes,partial,,partial,,Only title of aflatoxin-cluster nomenclature paper provided; no abstract body demonstrating aflU/cypA function individually.,15006741.0
flavus,aflV,Aflatoxin,A,True,yes,partial,,partial,,"Only title/citation present; aflatoxin cluster nomenclature paper, no abstract body or gene-level demonstration for aflV.",15006741.0
flavus,aflW,Aflatoxin,A,True,yes,no_abstract,,no_abstract,,Only bibliographic header present; no abstract body to evaluate aflW's assigned role.,15006741.0
flavus,aflX,Aflatoxin,A,True,yes,partial,,partial,,Cluster-nomenclature paper (title only); places aflX in aflatoxin cluster without individual functional evidence.,15006741.0
flavus,atmG,Aflatrem,A,True,yes,supported,,supported,,"atmG cloned as GGPP synthase in A. flavus aflatrem cluster, coordinately expressed at aflatrem onset, stated necessary for biosynthesis.",15528556.0
flavus,atmM,Aflatrem,A,True,partial,partial,,partial,,"atmM role in aflatrem inferred from synteny/expression and paxM complementation in P. paxilli, not demonstrated by A. flavus knockout.",15528556.0
fumigatus,cpcA,Amino acid biosynth,A,True,yes,supported,,supported,,Abstract shows cpcA encodes bZIP transcriptional activator of cross-pathway control of amino acid biosynthesis in A. fumigatus.,15101984.0
fumigatus,pabaA,Amino acid biosynth,A,True,yes,supported,,supported,,Abstract confirms pabaA encodes PABA synthetase; targeted deletion strains completely unable to cause lethal infection in mice.,10931287.0
fumigatus,pyrG,Amino acid biosynth,A,True,yes,supported,,supported,,"pyrG auxotrophs nonpathogenic in murine aspergillosis, virulence restored by uridine; clear virulence-relevant biosynthesis role in A. fumigatus.",8926121.0
fumigatus,cdr1B,Azole/ergosterol,A,True,yes,supported,,supported,,cdr1B efflux transporter drives non-cyp51A itraconazole resistance; knockout gives 4-fold MIC reduction in A. fumigatus.,23580559.0
fumigatus,cyp51A,Azole/ergosterol,A,True,partial,partial,,partial,,"Identifies cyp51A as a CYP51 sterol-demethylase by homology cloning; azole/ergosterol role inferred, not functionally demonstrated.",11427550.0
fumigatus,erg3,Azole/ergosterol,A,True,partial,partial,,partial,,"Erg3B confirmed C-5 sterol desaturase in ergosterol biosynthesis, but azole susceptibility unchanged, contradicting the azole part of the category.",16436696.0
fumigatus,erg6,Azole/ergosterol,A,True,yes,supported,supported,supported,erg6 essential for A. fumigatus viability; downregulation causes loss of sterol-rich apical domains and altered sterol profiles upstream of Cyp51A/B,Sterol C-24 methyltransferase Erg6 shown essential for A. fumigatus viability; repression alters sterols and reduces virulence.,38769341.0
fumigatus,hmg1,Azole/ergosterol,A,True,yes,supported,supported,supported,Introduction of three hmg1 mutations 'resulted in significantly increased resistance to the triazole class'; Cas9 correction restored susceptibility in A. fumigatus,"Introduced hmg1 mutations increased triazole resistance and CRISPR correction restored susceptibility, directly demonstrating azole/ergosterol role.",30940706.0
fumigatus,cnaA,Calcineurin,A,True,yes,supported,,supported,,Abstract: cnaA calcineurin A catalytic subunit mutant defective in growth/morphology and profoundly attenuated pathogenicity.,16835453.0
fumigatus,cnaB,Calcineurin,A,True,partial,supported,,supported,,"Abstract identifies CnaB as calcineurin regulatory subunit; ΔcnaB constructed with defined growth/septation defect, directly demonstrating its calcineurin role.",22066998.0
fumigatus,crzA,Calcineurin,A,True,yes,supported,,supported,,crzA deletion (calcineurin target) incapable of causing disease in neutropenic murine invasive aspergillosis model.,18456861.0
fumigatus,glfA,Cell wall,A,True,yes,supported,,supported,,"glfA (UGM) deletion in A. fumigatus lacks galactofuranose, thinner cell wall, attenuated virulence; direct KO study.",18552284.0
fumigatus,mnt1,Cell wall,A,True,yes,supported,,supported,,"Δafmnt1 has thinner cell wall, instability, attenuated in mouse model; clearly demonstrates cell-wall role.",18708564.0
fumigatus,rho1,Cell wall,A,True,partial,supported,,supported,,"Conditional Rho1 mutants show reduced beta-1,3-glucan and disrupted cell-wall integrity signaling; abstract establishes AfRho1 as essential cell-wall regulator.",30205199.0
fumigatus,chsG,Cell wall/chitin,A,True,partial,supported,,supported,,"chsG encodes class III chitin synthase; chsG- mutant has reduced chitin synthase activity and growth, confirming cell-wall/chitin role.",8736545.0
fumigatus,ags3,Cell wall/glucan,B,True,yes,supported,,supported,,"Abstract shows AGS3 is responsible for cell wall alpha(1-3)glucan biosynthesis, matching the cell wall/glucan category.",16531086.0
fumigatus,fks1,Cell wall/glucan,A,True,partial,supported,,supported,,"Abstract shows AfFks1p is catalytic subunit of glucan synthase, colocalizing with newly synthesized beta-1,3 glucans.",11244067.0
fumigatus,gel2,Cell wall/glucan,A,True,yes,supported,,supported,,"Δgel2 shows slower growth, altered cell wall, reduced virulence; Gel2p confirmed β(1-3)glucanosyltransferase, directly demonstrating cell-wall/glucan role.",15916615.0
fumigatus,gel4,Cell wall/glucan,A,True,partial,supported,,supported,,"Abstract states beta(1-3)glucanosyltransferase Gel4p is essential in A. fumigatus, directly supporting the cell wall/glucan category.",20543062.0
fumigatus,stuA,Conidia/development,A,True,yes,supported,,supported,,DeltastuA A. fumigatus impaired asexual reproduction with abnormal conidiophores and dysmorphic conidia; direct developmental role demonstrated.,16207816.0
fumigatus,agd3,GAG,A,True,yes,supported,supported,supported,Δagd3 mutant: Agd3 mediates deacetylation of GalNAc in GAG; deacetylation required for hyphal adherence and biofilm formation in A. fumigatus,Agd3 mediates GAG deacetylation required for adhesion/biofilm; directly demonstrates GAG role.,27048799.0
fumigatus,ega3,GAG,A,True,partial,supported,,supported,,"Recombinant Ega3, in the GAG cluster, is an active endo-alpha-1,4-galactosaminidase disrupting GAG biofilms; gene-level enzymatic role demonstrated.",31416836.0
fumigatus,medA,GAG,A,True,yes,partial,,partial,,"MedA governs adherence, biofilm and virulence but abstract never mentions galactosaminogalactan (GAG); GAG-specific role not demonstrated.",19889083.0
fumigatus,sph3,GAG,A,True,partial,supported,,supported,,"sph3-deficient mutant demonstrated the gene is necessary for galactosaminogalactan production; recombinant Sph3 hydrolyzes GAG, directly supporting GAG role.",26342082.0
fumigatus,uge3,GAG,A,True,yes,supported,supported,supported,"""Disruption of uge3 resulted in a complete block in GAG synthesis, and markedly decreased adhesion...Uge3 deficient strain was also attenuated in virulence""","Abstract: uge3 epimerase required for galactosaminogalactan synthesis, mediating adherence and virulence.",23990787.0
fumigatus,gliA,Gliotoxin,A,True,partial,supported,,supported,,"Abstract shows ΔgliA strain completely deficient in gliotoxin secretion, directly demonstrating GliA as gliotoxin efflux transporter.",26150413.0
fumigatus,gliC,Gliotoxin,A,True,partial,partial,,partial,,"GliC monooxygenase gliotoxin role shown via heterologous reconstitution in A. nidulans, not in native A. fumigatus.",23434416.0
fumigatus,gliF,Gliotoxin,A,True,partial,supported,supported,supported,"gliF deletion strain by homologous recombination; HPLC-MS showed gliotoxin biosynthesis completely abolished in A. fumigatus, precursor 7 accumulating",Mutation analysis and reconstitution show GliF P450 catalyzes N-heterocyclization in A. fumigatus gliotoxin biosynthesis.,32835438.0
fumigatus,gliG,Gliotoxin,A,True,partial,supported,,supported,,"Deletion of gliG abrogates gliotoxin biosynthesis, confirmed GST; directly demonstrates gliotoxin biosynthetic role.",21513890.0
fumigatus,gliH,Gliotoxin,A,True,partial,partial,partial,partial,"Paper deletes gliT, gliP, gliZ within the gli cluster but shows no gliH-specific knockout or gene-level proof; gliH only named as cluster component","Abstract concerns gliT (and gliZ) in the gliotoxin cluster; gliH is never mentioned, so only cluster-level support exists.",20548963.0
fumigatus,gliI,Gliotoxin,A,True,partial,partial,,partial,,Only title present; describes twin C-S lyase in gliotoxin pathway but gliI not named or individually functionally shown.,22936680.0
fumigatus,gliJ,Gliotoxin,A,True,partial,supported,,supported,,"Abstract shows GliJ carboxypeptidase required to degrade GSH moieties in gliotoxin biosynthesis and processes gliotoxin precursor, supporting gliotoxin role.",28525266.0
fumigatus,gliK,Gliotoxin,A,True,partial,supported,,supported,,Abstract: gliK deletion completely abolished gliotoxin biosynthesis; confirms gliK role in gliotoxin pathway.,22903976.0
fumigatus,gliN,Gliotoxin,A,True,partial,supported,,supported,,"Abstract shows GliN is amide N-methyltransferase performing last gliotoxin biosynthesis step, prerequisite for cytotoxicity via knockout and in vitro studies.",25062268.0
fumigatus,gliP,Gliotoxin,A,True,yes,supported,,supported,,gliP (NRPS) deletion abrogates gliotoxin and significantly attenuates A. fumigatus virulence in hydrocortisone-immunosuppressed mice.,17601876.0
fumigatus,gliT,Gliotoxin,A,True,partial,supported,partial,partial,"ΔgliT KO renders A. fumigatus gliotoxin-hypersensitive and abolishes secretion; GliT is a reductase for self-protection, but gene-specific virulence not tested",Single-gene gliT deletion in A. fumigatus renders it gliotoxin-hypersensitive; gliotoxin reductase self-protection component of cluster.,20548963.0
fumigatus,gliZ,Gliotoxin,A,True,yes,supported,,supported,,ΔgliZ abolishes gliotoxin and gli-cluster expression; contributes to virulence; original TF characterization.,17030582.0
fumigatus,hasA,Hexadehydroastechrome,A,True,yes,partial,,partial,,"Abstract describes the has NRPS cluster producing HAS and conferring virulence, but does not individually name or delete the hasA gene.",23360537.0
fumigatus,hasB,Hexadehydroastechrome,A,True,partial,partial,,partial,,"has NRPS cluster produces HAS and its activation increases virulence, but hasB DMATS not individually assayed; cluster-level only.",23360537.0
fumigatus,hasC,Hexadehydroastechrome,A,True,partial,partial,,partial,,Abstract characterizes the has NRPS cluster producing HAS and virulence at cluster level; hasC O-methyltransferase not individually knocked out.,23360537.0
fumigatus,hasD,Hexadehydroastechrome,A,True,partial,partial,,partial,,"Abstract addresses has NRPS cluster producing hexadehydroastechrome; hasD not individually named or assayed, cluster-level only.",23360537.0
fumigatus,hasE,Hexadehydroastechrome,A,True,partial,partial,,partial,,Abstract characterizes the has NRPS cluster and HAS product at cluster level; hasE is never individually mentioned or knocked out.,23360537.0
fumigatus,hasF,Hexadehydroastechrome,A,True,yes,partial,,partial,,Abstract demonstrates has NRPS cluster activation drives hypervirulence but is cluster-level; hasF not individually named or characterized.,23360537.0
fumigatus,srbA,Hypoxia,A,True,yes,supported,supported,supported,"""Loss of SrbA results in a mutant...incapable of growth in a hypoxic environment and consequently incapable of causing disease in two distinct murine models of IPA""",SrbA SREBP required for hypoxia growth; DeltasrbA avirulent in murine invasive aspergillosis; direct KO.,18989462.0
fumigatus,srbB,Hypoxia,A,True,yes,supported,supported,supported,Loss of SrbB markedly attenuates A. fumigatus virulence; SrbB co-regulates heme biosynthesis and carbohydrate metabolism in hypoxia,SrbB characterized as new hypoxia-response regulator; loss markedly attenuates virulence.,25375670.0
fumigatus,hapX,Iron homeostasis,A,True,yes,supported,supported,supported,'Genetic inactivation of HapX attenuates virulence of Aspergillus fumigatus in a murine model of aspergillosis' via HapX-deficient mutant,DeltahapX shown indispensable for iron-starvation adaptation with significant virulence attenuation in murine aspergillosis; gene-level iron-homeostasis role demonstrated.,20941352.0
fumigatus,mkk2,MAP kinase,A,True,yes,supported,,supported,,AfMkk2 CWI MAP kinase kinase; mutant shows adhesion defects and reduced virulence in murine model.,20452278.0
fumigatus,mpkC,MAP kinase,A,True,partial,partial,,partial,,"Single ΔmpkC remained virulent; only double ΔmpkCΔsakA attenuated, so mpkC's individual virulence-linked MAP kinase role not demonstrated.",26878695.0
fumigatus,sakA,MAP kinase,A,True,partial,supported,,supported,,"Abstract establishes SakA as MAP kinase (SakA-HOG1) of HOG pathway, with nuclear translocation and phosphorylation activity.",26878695.0
fumigatus,arp2,Melanin/conidia,A,True,partial,supported,,supported,,"Abstract shows arp2 disruption alters conidial color and accumulates flaviolin; arp2 similar to hydroxynaphthalene reductase, demonstrating melanin/pigment role.",10515939.0
fumigatus,ayg1,Melanin/conidia,A,True,partial,supported,,supported,,"ayg1 deletion prevents 1,3,6,8-THN accumulation in A. fumigatus pentaketide melanin pathway, supporting the melanin/conidia category.",11350964.0
fumigatus,pksP,Melanin/conidia,A,True,yes,supported,,supported,,"pksP polyketide synthase controls conidial pigment; mutant albino, reduced virulence, complementation restores; direct virulence study.",9832321.0
fumigatus,pes3,Other-SM,B,True,yes,supported,,supported,,"pes3 confirmed NRP synthetase; deletion augments virulence, establishing structural/SM role.",21746855.0
fumigatus,aspf3,Oxidative stress,A,True,yes,supported,supported,supported,"Δaspf3 KO H2O2-sensitive peroxiredoxin, avirulent in murine model; iron supplementation restored virulence in A. fumigatus",Abstract confirms Asp f3 is a peroxiredoxin/ROS scavenger compensating for iron-dependent antioxidant enzymes; oxidative-stress category supported at gene level.,34399627.0
fumigatus,ppoA,Oxidative stress,B,True,partial,partial,,partial,,Triple ppoABC-silenced mutant hypervirulent; individual ppoA contribution to oxidative stress not resolved.,16040966.0
fumigatus,ppoB,Oxidative stress,B,True,partial,partial,,partial,,"Only triple ppo-silenced mutant tested (hypervirulent, H2O2 tolerance); individual ppoB oxidative-stress contribution not resolved.",16040966.0
fumigatus,ppoC,Oxidative stress,B,True,partial,partial,,partial,,Oxidative-stress phenotype (H2O2 tolerance) shown only for triple-ppo-silenced mutant; individual ppoC contribution not resolved.,16040966.0
fumigatus,aspf1,Protease/allergen,A,True,yes,partial,supported,supported,"""Both Δaspf1 and ΔgliP single mutants had reduced lethality in non-neutropenic mice...aspf1 contributes to A. fumigatus pathogenicity""","Abstract identifies aspf1 as secreted ribotoxin (an RNase, not protease) contributing to virulence; assigned protease/allergen label not confirmed.",30052103.0
fumigatus,laeA,SM regulator,A,True,yes,supported,,supported,,deltalaeA reduces A. fumigatus virulence and gliotoxin; LaeA characterized as developmental regulator of virulence/SM genes.,16151250.0
fumigatus,velB,SM regulator,A,True,partial,partial,,partial,,"A. fumigatus velB data show conidiation/spore-viability roles; SM regulation asserted generally for velvet family, not demonstrated for velB specifically.",22970834.0
fumigatus,vosA,SM regulator,A,True,partial,partial,,partial,,"Abstract shows VosA regulates conidiation/spore viability, not secondary-metabolism regulation; SM-regulator role not directly demonstrated.",22970834.0
fumigatus,hacA,Secretion/UPR,A,True,yes,supported,supported,supported,"ΔhacA unable to activate UPR, reduced protease secretion, attenuated virulence in multiple mouse models of invasive aspergillosis","DeltahacA cannot activate UPR, shows reduced protease secretion and attenuated virulence; gene-level secretion/UPR role clearly demonstrated.",19132084.0
fumigatus,ireA,Secretion/UPR,A,True,yes,supported,supported,supported,"'a ΔireA mutant was avirulent in a mouse model of invasive aspergillosis' in A. fumigatus, with complementation restoring virulence",IreA ER stress sensor/UPR; DeltaireA avirulent in murine invasive aspergillosis with multiple virulence-trait defects.,22028661.0
fumigatus,sidA,Siderophore/iron,A,True,yes,supported,supported,supported,sidA-null (L-ornithine-N5-monooxygenase) A. fumigatus mutant absolutely essential for virulence in murine invasive aspergillosis model,"SidA L-ornithine-N5-monooxygenase catalyzes first committed siderophore step and is absolutely essential for virulence, directly supporting siderophore/iron role.",15504822.0
fumigatus,sidC,Siderophore/iron,A,True,yes,supported,supported,supported,"""By inactivation of the nonribosomal peptide synthetase SidC, we demonstrate that the intracellular siderophores are required for...virulence""",Abstract: SidC NRPS inactivation shows intracellular siderophores required for oxidative-stress resistance and virulence.,17845073.0
fumigatus,sidD,Siderophore/iron,A,True,yes,supported,supported,supported,"Inactivation of NRPS SidD abolishes extracellular siderophores, forces dependence on reductive iron assimilation, significantly reduced virulence","Abstract shows SidD NRPS inactivation abolishes extracellular siderophore biosynthesis and significantly reduces virulence, directly demonstrating siderophore/iron role.",17845073.0
fumigatus,sidF,Siderophore/iron,A,True,yes,supported,supported,supported,'inactivation of the acyl transferase SidF... leads to... significantly reduced virulence' in A. fumigatus mouse model,SidF acyltransferase inactivation abrogates extracellular siderophore biosynthesis and significantly reduces A. fumigatus virulence.,17845073.0
fumigatus,sidH,Siderophore/iron,A,True,yes,supported,,supported,,SidH enoyl-CoA hydratase links mevalonate to TAFC siderophore; deficiency impairs biosynthesis and murine virulence in A. fumigatus.,22106303.0
fumigatus,sidI,Siderophore/iron,A,True,yes,supported,,supported,,SidI acyl-CoA ligase links mevalonate to TAFC siderophore; deficiency impairs TAFC and murine virulence.,22106303.0
fumigatus,sidJ,Siderophore/iron,A,True,partial,supported,,supported,,SidJ (AFUA_3G03390) deficiency causes accumulation of fusarinine-C hydrolysis products; gene-level siderophore-metabolism role demonstrated in A. fumigatus.,24038704.0
fumigatus,sidL,Siderophore/iron,A,True,partial,supported,,supported,,"SidL transacetylase directly required for biosynthesis of siderophores ferricrocin and hydroxyferricrocin, confirming siderophore/iron role.",21622789.0
fumigatus,acyA,Signaling,A,True,partial,supported,,supported,,"acyA adenylate cyclase deleted and characterized; cAMP signaling regulates pksP and macrophage defense, directly demonstrating its signaling role.",12734751.0
fumigatus,fos1,Signaling,A,True,yes,supported,,supported,,Abstract: fos-1 histidine kinase deletion strain has significantly reduced virulence in murine systemic aspergillosis.,12146755.0
fumigatus,ganB,Signaling,A,True,yes,supported,,supported,,"Abstract shows gpaB (fumigatus GanB ortholog) is Gα in cAMP-PKA signaling; ΔgpaB almost avirulent, demonstrating signaling role.",15322014.0
fumigatus,pkaC1,Signaling,A,True,yes,supported,,supported,,"Abstract states pkaC1 (PKA catalytic isoform) deletion attenuates A. fumigatus virulence, supporting the signaling category.",21210869.0
fumigatus,rasA,Signaling,A,True,yes,supported,,supported,,RasA plasma-membrane localization required for polarized morphogenesis and virulence in A. fumigatus; mislocalization mutants attenuated.,22562470.0
fumigatus,rasB,Signaling,A,True,yes,supported,,supported,,ΔrasB shows abnormal hyphal growth and diminished virulence (65% vs 10% survival); confirms signaling role.,16339716.0
fumigatus,cgrA,Thermotolerance,A,True,yes,supported,,supported,,DeltacgrA fails to increase growth at 37C and is significantly less virulent; gene-level thermotolerance role demonstrated by targeted disruption.,15271935.0
fumigatus,hsp90,Thermotolerance,A,True,yes,partial,,partial,,"Right gene (Hsp90 chaperone) but abstract addresses caspofungin resistance and virulence, not thermotolerance; thermotolerance role not demonstrated.",24096332.0
fumigatus,atrR,Transcription regulator,A,True,yes,supported,supported,supported,atrR deletion mutant attenuated in murine model; AtrR directly binds and co-regulates cyp51A and cdr1B promoters (ChIP) in A. fumigatus,"AtrR Zn2Cys6 TF co-regulates cyp51A and cdr1B, binds their promoters, and deletion attenuates virulence, supporting transcription-regulator role.",28052140.0
fumigatus,aspf2,Zinc homeostasis,A,True,partial,supported,,supported,,"Abstract: aspf2 (with zrfC) required for growth in alkaline/extreme zinc-limiting media, part of zinc homeostasis system.",20038606.0
fumigatus,zafA,Zinc homeostasis,A,True,yes,supported,,supported,,"Abstract shows zafA is zinc-responsive transcriptional activator; deletion abrogates virulence and zinc-limited growth, directly demonstrating zinc-homeostasis role.",17542914.0
fumigatus,zrfC,Zinc homeostasis,A,True,yes,supported,,supported,,ZrfC zinc transporter required for A. fumigatus virulence and growth under zinc-limiting/calprotectin conditions.,24245710.0
fumigatus,pacC,pH/stress,A,True,yes,supported,supported,supported,"""ΔpacC mutants...are defective in both contact-mediated epithelial entry and protease expression, and significantly attenuated for pathogenicity in leukopenic mice""",DeltapacC A. fumigatus defective in epithelial entry/protease expression and attenuated in leukopenic mice; direct pH-TF role.,25329394.0
niger,agdA,Alpha-glucosidase,A,True,yes,supported,,supported,,"Alpha-glucosidase gene cloned from A. niger, expressed conferring activity; supports assigned enzyme role.",9165762.0
niger,abfA,Arabinofuranosidase,A,True,yes,supported,,supported,,"A. niger abfA cloned and overexpressed, confirmed encoding alpha-L-arabinofuranosidase A; gene-level identity established in the claimed species.",7764056.0
niger,abfB,Arabinofuranosidase,A,True,yes,supported,,supported,,A. niger abfB cloned encoding major alpha-L-arabinofuranosidase ABF B; transformants overproduce the enzyme.,8299175.0
niger,abfC,Arabinofuranosidase,A,True,partial,supported,,supported,,"Recombinant AbfC (GH51) from A. niger An76 shows arabinofuranosidase activity on pNP-AraF, directly demonstrating the enzymatic role in-species.",35420820.0
niger,creA,Carbon catabolite,B,True,yes,supported,,supported,,"Abstract: A. niger creA isolated, functional carbon catabolite repressor complementing nidulans creA mutation.",8359691.0
niger,cexA,Carboxylic acid transporter,A,True,yes,supported,,supported,,"Abstract shows CexA disruption completely abolishes citric acid secretion and overexpression boosts it, directly demonstrating carboxylic-acid transporter role.",30553933.0
niger,agsE,Cell wall,B,True,partial,supported,supported,supported,"Deletion of agsE reduced A. niger micro-colony diameter from 3304 to 1229 µm and altered secretome; α-1,3-glucan synthase cell-wall role","Abstract identifies agsE as alpha-1,3-glucan synthase gene in A. niger with deletion phenotype, supporting the cell wall category.",37316742.0
niger,chsA,Cell wall,A,True,yes,supported,supported,supported,"'deletion of chsA led to severe defects in conidiation... ΔchsA mutants exhibited less chitin content, reduced growth' in A. niger","ChsA class II chitin synthase; A. niger deletion reduces chitin, impairs cell wall integrity and morphology; direct KO.",37623572.0
niger,fksA,Cell wall,A,True,partial,partial,,partial,,"Fks1 β-1,3-glucan synthase characterized in A. fumigatus, not A. niger; species mismatch.",25425041.0
niger,gelA,Cell wall,A,True,partial,partial,,partial,,"GEL1 glucanosyltransferase characterized in Aspergillus fumigatus, not the claimed A. niger gelA; species mismatch, right gene family only.",10809732.0
niger,faeA,Esterase,A,True,yes,supported,,supported,,A. niger faeA encodes ferulic acid esterase FAEA that releases ferulic acid from arabinoxylan.,9406381.0
niger,faeB,Esterase,A,True,yes,supported,,supported,,"faeB cloned/characterized as second A. niger feruloyl esterase active on pectin and arabinoxylan, directly supporting esterase category.",11931668.0
niger,glaA,Glucoamylase,A,True,yes,supported,,supported,,"Abstract: glaA encodes A. niger glucoamylase, G1/G2 forms from differentially spliced mRNAs.",6203744.0
niger,goxC,Glucose oxidase,A,True,yes,supported,,supported,,"Abstract reports cloning of A. niger glucose oxidase gene; increased gene dosage elevates glucose oxidase productivity, demonstrating the structural gene.",2076553.0
niger,aguA,Hemicellulase,A,True,partial,partial,,partial,,"aguA alpha-glucuronidase cloned/characterized in A. tubingensis, not A. niger as claimed; species mismatch.",9440512.0
niger,axhA,Hemicellulase,A,True,yes,supported,,supported,,"axhA arabinoxylan arabinofuranohydrolase cloned from A. niger, functional and overexpressed; releases L-arabinose from arabinoxylan.",9000377.0
niger,lacA,Hemicellulase,A,True,yes,supported,,supported,,"Establishes lacA as A. niger's single β-galactosidase, induced on xylan/pectin; supports hemicellulase role.",10347026.0
niger,xlnD,Hemicellulase,A,True,yes,supported,,supported,,A. niger xlnD disruption abolishes extracellular beta-xylosidase and blocks complete xylan hydrolysis; gene-level hemicellulase role demonstrated in the claimed species.,9128738.0
niger,inuA,Inulinase,A,True,partial,partial,,partial,,inuA is one of two endoinulinase genes but only transcription analyzed (inuA not even transcribed); no KO or enzyme necessity shown.,16232670.0
niger,inuE,Inulinase,A,True,yes,supported,,supported,,"inuE exoinulinase cloned from A. niger and functionally expressed as active enzyme in Pichia, directly supporting inulinase role.",16233531.0
niger,sucA,Invertase,A,True,yes,supported,,supported,,"Abstract: secreted A. niger invertase purified and its suc1 gene sequenced, linking gene to enzyme.",8358833.0
niger,fum1,Other-SM,B,True,partial,partial,partial,partial,Purely comparative-genomics/phylogenetic study of FUM cluster origins in A. niger; identifies PKS homologs but no gene-level knockout or assay,Purely comparative-genomics identification of homologous FUM cluster genes in A. niger; no gene-specific functional assay or knockout of fum1.,21716743.0
niger,fum21,Other-SM,B,True,yes,supported,supported,supported,"""fum21...was inactivated...10 out of 12 genes of the fumonisin cluster...down-regulated...accompanied by absence of fumonisin production in the deletion strain""",Fum21 TF deletion in A. niger abolishes fumonisin production and downregulates the fumonisin cluster; supports SM category.,28965153.0
niger,fum8,Other-SM,B,True,partial,partial,,partial,,"Study correlates fum8 presence with FB2 production in A. niger; correlation only, no knockout or functional proof.",20666454.0
niger,otaA,Other-SM,B,True,yes,supported,,supported,,Disruption of An15g07920 PKS in A. niger abolishes ochratoxin A biosynthesis; directly demonstrates role.,27959549.0
niger,oahA,Oxalic acid,A,True,yes,supported,,supported,,A. niger oah disruption yields a strain incapable of producing oxalic acid; gene knockout directly demonstrates the oxalic-acid role.,10935933.0
niger,pgaI,Pectinase,A,True,yes,supported,,supported,,pgaI characterized as second A. niger polygalacturonase gene encoding endo-PG PGI involved in pectin degradation.,1934135.0
niger,pgaII,Pectinase,A,True,yes,supported,,supported,,"pgaII polygalacturonase II gene cloned, sequenced and expressed in A. niger, supporting pectinase category.",1878999.0
niger,phyA,Phytase,A,True,yes,supported,,supported,,Abstract: phyA cloned encoding extracellular phytase; multicopy expression gave tenfold higher phytase levels.,8387447.0
niger,phyB,Phytase,A,True,yes,supported,,supported,,Abstract reports identification and cloning of second phytase gene phyB from A. niger encoding pH-2.5 acid phosphatase/phytase enzyme.,7916610.0
niger,pepA,Protease,A,True,yes,supported,,supported,,"delta-pepA disruptant in A. niger reduces extracellular protease activity to 16%, directly demonstrating its protease role.",9266703.0
niger,pepB,Protease,A,True,partial,supported,,supported,,"Abstract identifies pepB as A. niger extracellular acid protease gene (PEPB), confirmed by disruption and western blot.",9266703.0
niger,dmtA,Pump,A,True,yes,supported,supported,supported,Deletion of dmtA eliminated Mn2+ intake at 5 µg/L; overexpression increased intake and modulated citric acid overflow in A. niger,dmtA NRAMP transporter KO/OE alters Mn2+ uptake and citric-acid overflow in A. niger; supports pump role.,32000778.0
niger,gatA,Sugar transporter,A,True,yes,supported,supported,supported,'functionally characterized... An14g04280 D-galacturonic acid transporter in A. niger'; overexpression gave 'strong increase of D-galacturonic acid uptake',"A. niger GatA (An14g04280) functionally characterized; overexpression strongly increases D-galacturonic acid uptake, confirming sugar-transporter role in the claimed species.",25177540.0
niger,mstA,Sugar transporter,A,True,yes,supported,,supported,,A. niger mstA cloned and characterized as high-affinity sugar/H+ symporter preferring glucose.,14717659.0
niger,mstG,Sugar transporter,A,True,partial,supported,supported,supported,A. niger MstG functionally validated by heterologous expression in S. cerevisiae null mutant; high-affinity glucose transporter Km=0.5±0.04 mM,"A. niger MstG functionally validated as high-affinity glucose transporter (Km=0.5mM) by heterologous expression, supporting sugar-transporter role.",26388937.0
niger,mstH,Sugar transporter,A,True,partial,supported,partial,partial,"A. niger MstH ""functionally validated...by heterologous expression in a S. cerevisiae glucose transport null mutant"" (Km=0.06 mM); no deletion/function shown in A. niger itself",Abstract: MstH identified from A. niger and functionally validated as very-high-affinity glucose transporter (Km 0.06 mM).,26388937.0
niger,xltA,Sugar transporter,A,True,yes,supported,supported,supported,"A. niger XltA functionally validated in S. cerevisiae hexose-null mutant, supports xylose growth; xylose-induced, XlnR-dependent","Abstract functionally validates XltA as XlnR-induced xylose transporter via yeast expression, directly demonstrating sugar-transporter role.",27446237.0
niger,amyR,Transcription regulator,A,True,yes,supported,supported,supported,'amyR was deleted in A. niger CICC2462... glucoamylase and amylase activities of the ∆amyR strains were significantly lower',amyR deletion in A. niger significantly reduces glucoamylase/amylase at transcript and protein levels; confirmed transcription regulator.,27125644.0
niger,araR,Transcription regulator,A,True,partial,supported,supported,supported,"A. niger araR disruptant strains show altered L-arabinose growth and PCP gene expression (ladA, larA), confirming AraR transcriptional-regulator role in niger",AraR transcriptional activator of pentose utilization in A. niger; araR disruptant shows L-arabinose growth defect.,21484208.0
niger,inuR,Transcription regulator,A,True,yes,supported,supported,supported,"""Deletion of the inuR gene resulted in...severe reduction in growth on inulin and sucrose...expression of inulinolytic...genes, e.g., inuE, inuA, sucA...is dependent on InuR""",InuR Zn2Cys6 TF; deletion abolishes inulinolytic gene expression and inulin/sucrose growth in A. niger.,17917744.0
niger,prtT,Transcription regulator,A,True,yes,supported,,supported,,A. niger prtT identified by complementation as Zn2Cys6 regulator controlling secreted protease genes including pepA; gene-level regulator role demonstrated.,18930158.0
niger,rhaR,Transcription regulator,A,True,yes,supported,,supported,,RhaR regulator; inactivation down-regulates L-rhamnose release/catabolic genes and abolishes growth on rhamnose.,24682478.0
niger,xlnR,Transcription regulator,A,True,yes,supported,,supported,,"xlnR loss-of-function mutation in A. niger abolishes xylanolytic (xlnB/C/D) gene transcription, directly supporting transcriptional-activator role.",9758775.0
niger,bipA,UPR/secretion,A,True,partial,supported,,supported,,"Abstract: bipA encodes major ER chaperone BiP in black Aspergilli, induced by recombinant protein overproduction, essential.",9830095.0
niger,cypB,UPR/secretion,A,True,yes,supported,,supported,,"Abstract shows cypB is ER foldase (PPIase) with HEEL retention signal, UPR-upregulated by tunicamycin/DTT, part of secretory pathway.",11810224.0
niger,hacA,UPR/secretion,A,True,yes,supported,,supported,,"HacA bZIP mediates UPR in A. niger, binding and upregulating ER chaperone/foldase genes; supports UPR/secretion category.",14730445.0
niger,pdiA,UPR/secretion,A,True,yes,supported,,supported,,"PDIA foldase in A. niger secretory pathway, UPR-induced; antisense downregulation cut secreted glucoamylase 60-70%.",10653750.0
niger,prpA,UPR/secretion,A,True,yes,supported,,supported,,"prpA PDI-related ER foldase; secretion-induced transcript, deletion reduces chymosin production; supports UPR/secretion role.",10672446.0
niger,xlnA,Xylanase,A,True,partial,partial,,partial,,"Xylanase xlnA cloned and characterized in Aspergillus tubigensis, not the claimed A. niger; species mismatch despite expression in niger.",8065265.0
oryzae,alpA,Alkaline protease,A,True,yes,supported,,supported,,"Isolation and sequencing of A. oryzae alkaline protease (Alp) gene, confirming identity.",1368748.0
oryzae,agdA,Alpha-glucosidase,A,True,yes,supported,,supported,,"agdA cloned from A. oryzae encoding alpha-glucosidase; multicopy transformants show 6-16-fold increased AGL activity, supporting the category.",7549103.0
oryzae,cutL,Cutinase,A,True,yes,supported,,supported,,"Abstract: A. oryzae produces cutinase CutL1 that hydrolyses PBSA polyester, recruited by hydrophobin RolA.",16135240.0
oryzae,hsbA,Domestication-related,A,True,yes,supported,,supported,,"Abstract characterizes A. oryzae HsbA secreted surface-binding protein recruiting CutL1 cutinase to stimulate PBSA degradation, demonstrating the gene's function.",16597938.0
oryzae,rolA,Domestication-related,A,True,yes,partial,,partial,,Abstract shows RolA hydrophobin recruits cutinase for polyester degradation in A. oryzae; does not demonstrate a 'domestication-related' role.,16135240.0
oryzae,glaA,Glucoamylase,A,True,yes,supported,,supported,,glaA glucoamylase gene cloned from A. oryzae; reintroduction increased glucoamylase activity 3-8 fold.,1761224.0
oryzae,glaB,Glucoamylase,A,True,yes,supported,,supported,,"glaB glucoamylase gene cloned, expressed specifically in solid-state koji culture of A. oryzae; supports role.",9511753.0
oryzae,gtaA,Glutaminase,A,True,partial,supported,,supported,,Glutaminase gtaA isolated from A. oryzae and overexpressed with marked activity increase; gene-level glutaminase role demonstrated in the claimed species.,10952006.0
oryzae,kojA,Kojic-acid,A,True,yes,supported,,supported,,Identifies A. oryzae kojic-acid genes; disruption reveals an oxidoreductase (kojA) responsible for biosynthesis.,20849972.0
oryzae,kojR,Kojic-acid,A,True,yes,supported,,supported,,kojR Zn2Cys6 activator essential for kojic acid production and transcriptional activation of KA biosynthetic genes in A. oryzae.,21514215.0
oryzae,kojT,Kojic-acid,A,True,yes,supported,,supported,,Abstract: disruption identified transporter-motif gene (kojT) responsible for kojic acid biosynthesis in A. oryzae.,20849972.0
oryzae,nptB,Neutral protease,A,True,yes,supported,,supported,,"Abstract reports cDNA cloning and expression of A. oryzae neutral protease II, a unique zinc metalloprotease, confirming neutral-protease identity.",1886621.0
oryzae,amyB,Taka-amylase,A,True,yes,partial,,partial,,Cloning/sequence of three alpha-amylase genes (amy1/2/3) in A. oryzae; no functional assay and amyB/Taka-amylase not explicitly named.,2785629.0
oryzae,amyR,Transcription regulator,A,True,yes,supported,,supported,,amyR disruptants in A. oryzae lose amylase/glucoamylase; transcriptional activator of amylolytic genes demonstrated.,10830498.0
oryzae,farA,Transcription regulator,A,True,yes,supported,,supported,,farA disruption in A. oryzae abolishes lipase/cutinase production; confirms fatty-acid/lipolytic regulator role.,22280964.0
oryzae,manR,Transcription regulator,A,True,yes,supported,,supported,,A. oryzae ManR identified via gene-disruptant screen and overexpression as Zn2Cys6 activator of beta-mannan utilization; gene-level regulator role demonstrated.,23063954.0
oryzae,prtR,Transcription regulator,A,True,yes,partial,,partial,,"Study characterizes A. niger prtT; A. oryzae homologue governing AlpA/Np1 only mentioned in passing, not demonstrated here.",18930158.0
oryzae,xlnR,Transcription regulator,A,True,yes,partial,,partial,,"Paper studies A. niger xlnR, not A. oryzae; species mismatch means oryzae role is only ortholog-inferred.",9758775.0
oryzae,hacA,UPR/secretion,A,True,partial,partial,,partial,,"Abstract characterizes hacA UPR bZIP in Aspergillus niger, not A. oryzae as claimed; species mismatch.",14730445.0
oryzae,ireA,UPR/secretion,A,True,partial,partial,partial,partial,"ΔireA avirulent, dual HacA-dependent/independent UPR functions, but all functional work is in A. fumigatus, not A. oryzae","IreA ER-stress/UPR role demonstrated but in A. fumigatus, not A. oryzae; species mismatch caps at partial.",22028661.0
oryzae,srgA,UPR/secretion,A,True,yes,partial,,partial,,"srgA (Sec4 homolog) disruption reduces secretion in A. niger, not A. oryzae as claimed; species mismatch.",11489135.0
oryzae,laeA,Velvet/development,A,True,yes,partial,,partial,,"LaeA studied in A. nidulans (not oryzae) as SM cluster regulator; abstract notes little developmental/spore effect, undercutting velvet/development category.",15075281.0
oryzae,veA,Velvet/development,A,True,yes,partial,,partial,,"veA activates sexual development shown in A. nidulans, not the claimed A. oryzae; species mismatch.",12223191.0
oryzae,velB,Velvet/development,A,True,yes,partial,,partial,,"velB deletion in velvet complex demonstrated in Aspergillus nidulans, not the claimed A. oryzae; species mismatch.",18556559.0
oryzae,vosA,Velvet/development,A,True,yes,,partial,partial,"vosA deletion done in Aspergillus nidulans ('deletion of vosA results in the lack of trehalose in spores'), not A. oryzae; ortholog-inferred",,17912349.0
oryzae,xynF1,Xylanase,A,True,yes,supported,,supported,,"A. oryzae xynF1 xylanase overexpressed, purified and characterized (35 kDa, pH 5.0), directly supporting xylanase category.",10586505.0
oryzae,xynG2,Xylanase,A,True,yes,supported,,supported,,"Abstract: xynG2 major xylanase gene cloned from A. oryzae, family 11 xylanase, overexpressed and purified.",11210150.0
